분석,signal,h,n_coins,incl,excl,n_obs,abs,abs_lo,abs_hi,diff,diff_lo,diff_hi,p_abs,p_diff,p_comb,invalid,verdict,p_holm,holm_sig
주분석,S1,4,13,"ADA,ARB,AVAX,BTC,DOGE,ETH,LINK,ONDO,SOL,STX,SUI,XLM,XRP",,15109,-0.33589056342037205,-0.39254711802331016,-0.28100885232851935,-0.056268985107125566,-0.09746856944227628,-0.01309782690290834,1.0,0.9960019990004998,1.0,0.0,탈락,1.0,False
주분석,S1,12,13,"ADA,ARB,AVAX,BTC,DOGE,ETH,LINK,ONDO,SOL,STX,SUI,XLM,XRP",,12745,-0.2863558372493754,-0.4129582774026359,-0.15939068828818806,-0.04497068699946856,-0.11718131397387446,0.03315183282494258,1.0,0.8785607196401799,1.0,0.0,탈락,1.0,False
주분석,S1,24,13,"ADA,ARB,AVAX,BTC,DOGE,ETH,LINK,ONDO,SOL,STX,SUI,XLM,XRP",,9410,-0.2149167953566624,-0.43157203122475685,0.004762772847109853,-0.02803689401325497,-0.13517596486520334,0.08028130398716167,0.9740129935032483,0.6941529235382309,0.9740129935032483,0.0,탈락,1.0,False
주분석,S2,4,13,"ADA,ARB,AVAX,BTC,DOGE,ETH,LINK,ONDO,SOL,STX,SUI,XLM,XRP",,23330,-0.19913340205311977,-0.25139984422110223,-0.14551303101761665,0.0804881762601267,0.04038662982032861,0.1203841119402568,1.0,0.0004997501249375312,1.0,0.0,탈락,1.0,False
주분석,S2,12,13,"ADA,ARB,AVAX,BTC,DOGE,ETH,LINK,ONDO,SOL,STX,SUI,XLM,XRP",,9262,-0.05836643475911255,-0.2036406337617275,0.07942661894022396,0.18301871549079432,0.07699482412865338,0.2843596695953944,0.784607696151924,0.0004997501249375312,0.784607696151924,0.0,탈락,1.0,False
주분석,S2,24,13,"ADA,ARB,AVAX,BTC,DOGE,ETH,LINK,ONDO,SOL,STX,SUI,XLM,XRP",,5571,0.09364474817889588,-0.16500756362905344,0.3518303588832595,0.28052464952230327,0.09957516962462797,0.4590849442987742,0.23088455772113944,0.0004997501249375312,0.23088455772113944,0.0,탈락,1.0,False
주분석,S3,4,13,"ADA,ARB,AVAX,BTC,DOGE,ETH,LINK,ONDO,SOL,STX,SUI,XLM,XRP",,4626,-0.15595268149226849,-0.348026412303875,0.08477666522372022,0.12366889682097802,-0.06499000486019084,0.3569707959749277,0.9290354822588706,0.12843578210894552,0.9290354822588706,0.0,탈락,1.0,False
주분석,S3,12,13,"ADA,ARB,AVAX,BTC,DOGE,ETH,LINK,ONDO,SOL,STX,SUI,XLM,XRP",,3444,-0.1917591509449686,-0.5203120678434431,0.20838975559909637,0.04962599930493828,-0.2549250880782143,0.4230454364586829,0.8515742128935532,0.37031484257871067,0.8515742128935532,0.0,탈락,1.0,False
주분석,S3,24,13,"ADA,ARB,AVAX,BTC,DOGE,ETH,LINK,ONDO,SOL,STX,SUI,XLM,XRP",,2765,-0.1565107851341813,-0.5782301994746707,0.3546177587506656,0.03036911620922614,-0.37658356074557353,0.49798354312066645,0.7406296851574213,0.4432783608195902,0.7406296851574213,0.0,탈락,1.0,False
주분석,S4,4,13,"ADA,ARB,AVAX,BTC,DOGE,ETH,LINK,ONDO,SOL,STX,SUI,XLM,XRP",,10677,-0.3153690136380327,-0.383201850882169,-0.24791893458155218,-0.035747435324786164,-0.09792669353921951,0.02594327401460003,1.0,0.8740629685157422,1.0,0.0,탈락,1.0,False
주분석,S4,12,13,"ADA,ARB,AVAX,BTC,DOGE,ETH,LINK,ONDO,SOL,STX,SUI,XLM,XRP",,8365,-0.3672838820978211,-0.5076176848160914,-0.232273657255471,-0.12589873184791425,-0.23424909235188912,-0.01629236787676497,1.0,0.9875062468765617,1.0,0.0,탈락,1.0,False
주분석,S4,24,13,"ADA,ARB,AVAX,BTC,DOGE,ETH,LINK,ONDO,SOL,STX,SUI,XLM,XRP",,6687,-0.18767416727441033,-0.4080376116416774,0.02887585131468487,-0.0007942659310029085,-0.1560916017074698,0.15094316451378814,0.9525237381309345,0.5177411294352824,0.9525237381309345,0.0,탈락,1.0,False
주분석,S5,4,13,"ADA,ARB,AVAX,BTC,DOGE,ETH,LINK,ONDO,SOL,STX,SUI,XLM,XRP",,13290,-0.28172250629112333,-0.3543077667238392,-0.21173490843359638,-0.002100927977876833,-0.06175774152253685,0.05717628186732745,1.0,0.5337331334332833,1.0,0.0,탈락,1.0,False
주분석,S5,12,13,"ADA,ARB,AVAX,BTC,DOGE,ETH,LINK,ONDO,SOL,STX,SUI,XLM,XRP",,10221,-0.17739774325779312,-0.3230524729150982,-0.03851477824593809,0.06398740699211375,-0.030294749177073626,0.16380997941639885,0.9930034982508745,0.09695152423788106,0.9930034982508745,0.0,탈락,1.0,False
주분석,S5,24,13,"ADA,ARB,AVAX,BTC,DOGE,ETH,LINK,ONDO,SOL,STX,SUI,XLM,XRP",,7895,-0.06969728766125721,-0.31333870772469774,0.1782429536446083,0.11718261368215017,-0.008086392385018149,0.2494458257727764,0.7151424287856072,0.04297851074462768,0.7151424287856072,0.0,탈락,1.0,False
비용스트레스,S1,4,13,"ADA,ARB,AVAX,BTC,DOGE,ETH,LINK,ONDO,SOL,STX,SUI,XLM,XRP",,15109,-0.5358905634203721,-0.59254711802331,-0.4810088523285194,-0.05626898510712556,-0.09746856944227628,-0.013097826902908574,1.0,0.9960019990004998,1.0,0.0,탈락,1.0,False
비용스트레스,S1,12,13,"ADA,ARB,AVAX,BTC,DOGE,ETH,LINK,ONDO,SOL,STX,SUI,XLM,XRP",,12745,-0.48635583724937537,-0.612958277402636,-0.3593906882881881,-0.044970686999468566,-0.11718131397387412,0.03315183282494283,1.0,0.8785607196401799,1.0,0.0,탈락,1.0,False
비용스트레스,S1,24,13,"ADA,ARB,AVAX,BTC,DOGE,ETH,LINK,ONDO,SOL,STX,SUI,XLM,XRP",,9410,-0.4149167953566624,-0.631572031224757,-0.19523722715289027,-0.028036894013254918,-0.13517596486520336,0.08028130398716167,1.0,0.6941529235382309,1.0,0.0,탈락,1.0,False
비용스트레스,S2,4,13,"ADA,ARB,AVAX,BTC,DOGE,ETH,LINK,ONDO,SOL,STX,SUI,XLM,XRP",,23330,-0.39913340205311976,-0.451399844221102,-0.34551303101761666,0.0804881762601267,0.04038662982032855,0.12038411194025675,1.0,0.0004997501249375312,1.0,0.0,탈락,1.0,False
비용스트레스,S2,12,13,"ADA,ARB,AVAX,BTC,DOGE,ETH,LINK,ONDO,SOL,STX,SUI,XLM,XRP",,9262,-0.2583664347591126,-0.4036406337617275,-0.12057338105977608,0.1830187154907943,0.07699482412865362,0.28435966959539455,1.0,0.0004997501249375312,1.0,0.0,탈락,1.0,False
비용스트레스,S2,24,13,"ADA,ARB,AVAX,BTC,DOGE,ETH,LINK,ONDO,SOL,STX,SUI,XLM,XRP",,5571,-0.10635525182110417,-0.36500756362905357,0.15183035888325946,0.28052464952230327,0.09957516962462792,0.4590849442987742,0.7886056971514243,0.0004997501249375312,0.7886056971514243,0.0,탈락,1.0,False
비용스트레스,S3,4,13,"ADA,ARB,AVAX,BTC,DOGE,ETH,LINK,ONDO,SOL,STX,SUI,XLM,XRP",,4626,-0.35595268149226855,-0.5480264123038748,-0.11522333477627991,0.12366889682097798,-0.06499000486019095,0.3569707959749277,1.0,0.12843578210894552,1.0,0.0,탈락,1.0,False
비용스트레스,S3,12,13,"ADA,ARB,AVAX,BTC,DOGE,ETH,LINK,ONDO,SOL,STX,SUI,XLM,XRP",,3444,-0.3917591509449686,-0.7203120678434433,0.008389755599096273,0.04962599930493829,-0.25492508807821423,0.4230454364586829,0.9910044977511244,0.37031484257871067,0.9910044977511244,0.0,탈락,1.0,False
비용스트레스,S3,24,13,"ADA,ARB,AVAX,BTC,DOGE,ETH,LINK,ONDO,SOL,STX,SUI,XLM,XRP",,2765,-0.3565107851341812,-0.7782301994746708,0.15461775875066552,0.03036911620922619,-0.3765835607455734,0.49798354312066645,0.9450274862568716,0.4432783608195902,0.9450274862568716,0.0,탈락,1.0,False
비용스트레스,S4,4,13,"ADA,ARB,AVAX,BTC,DOGE,ETH,LINK,ONDO,SOL,STX,SUI,XLM,XRP",,10677,-0.5153690136380327,-0.5832018508821689,-0.4479189345815521,-0.035747435324786185,-0.09792669353921944,0.025943274014599987,1.0,0.8740629685157422,1.0,0.0,탈락,1.0,False
비용스트레스,S4,12,13,"ADA,ARB,AVAX,BTC,DOGE,ETH,LINK,ONDO,SOL,STX,SUI,XLM,XRP",,8365,-0.5672838820978211,-0.7076176848160913,-0.4322736572554709,-0.12589873184791425,-0.23424909235188882,-0.016292367876764906,1.0,0.9875062468765617,1.0,0.0,탈락,1.0,False
비용스트레스,S4,24,13,"ADA,ARB,AVAX,BTC,DOGE,ETH,LINK,ONDO,SOL,STX,SUI,XLM,XRP",,6687,-0.3876741672744103,-0.6080376116416775,-0.17112414868531511,-0.0007942659310028979,-0.1560916017074699,0.1509431645137881,1.0,0.5177411294352824,1.0,0.0,탈락,1.0,False
비용스트레스,S5,4,13,"ADA,ARB,AVAX,BTC,DOGE,ETH,LINK,ONDO,SOL,STX,SUI,XLM,XRP",,13290,-0.48172250629112345,-0.5543077667238392,-0.41173490843359656,-0.002100927977876882,-0.061757741522537005,0.05717628186732748,1.0,0.5337331334332833,1.0,0.0,탈락,1.0,False
비용스트레스,S5,12,13,"ADA,ARB,AVAX,BTC,DOGE,ETH,LINK,ONDO,SOL,STX,SUI,XLM,XRP",,10221,-0.37739774325779324,-0.5230524729150982,-0.23851477824593809,0.06398740699211374,-0.03029474917707343,0.1638099794163988,1.0,0.09695152423788106,1.0,0.0,탈락,1.0,False
비용스트레스,S5,24,13,"ADA,ARB,AVAX,BTC,DOGE,ETH,LINK,ONDO,SOL,STX,SUI,XLM,XRP",,7895,-0.2696972876612572,-0.5133387077246976,-0.021757046355391843,0.1171826136821502,-0.008086392385018164,0.2494458257727762,0.9870064967516242,0.04297851074462768,0.9870064967516242,0.0,탈락,1.0,False
블록24,S1,4,13,"ADA,ARB,AVAX,BTC,DOGE,ETH,LINK,ONDO,SOL,STX,SUI,XLM,XRP",,15109,-0.33589056342037205,-0.3879957421986056,-0.2858099179753559,-0.056268985107125566,-0.09609014303768232,-0.015271947849405615,1.0,0.9995002498750625,1.0,0.0,탈락,1.0,False
블록24,S1,12,13,"ADA,ARB,AVAX,BTC,DOGE,ETH,LINK,ONDO,SOL,STX,SUI,XLM,XRP",,12745,-0.2863558372493754,-0.4080254726332974,-0.1712889901174509,-0.04497068699946856,-0.12368193752678217,0.029318146797837952,1.0,0.8755622188905547,1.0,0.0,탈락,1.0,False
블록24,S1,24,13,"ADA,ARB,AVAX,BTC,DOGE,ETH,LINK,ONDO,SOL,STX,SUI,XLM,XRP",,9410,-0.2149167953566624,-0.40383436826603325,-0.03303200938835572,-0.02803689401325497,-0.14741740817613014,0.08917460389824995,0.9890054972513743,0.657671164417791,0.9890054972513743,0.0,탈락,1.0,False
블록24,S2,4,13,"ADA,ARB,AVAX,BTC,DOGE,ETH,LINK,ONDO,SOL,STX,SUI,XLM,XRP",,23330,-0.19913340205311977,-0.2518278518412988,-0.151287414567395,0.0804881762601267,0.03932589973870004,0.12007513170644026,1.0,0.0004997501249375312,1.0,0.0,탈락,1.0,False
블록24,S2,12,13,"ADA,ARB,AVAX,BTC,DOGE,ETH,LINK,ONDO,SOL,STX,SUI,XLM,XRP",,9262,-0.05836643475911255,-0.19216844331016839,0.0649663101841991,0.18301871549079432,0.07782936034048296,0.2838479746886362,0.8065967016491754,0.0004997501249375312,0.8065967016491754,0.0,탈락,1.0,False
블록24,S2,24,13,"ADA,ARB,AVAX,BTC,DOGE,ETH,LINK,ONDO,SOL,STX,SUI,XLM,XRP",,5571,0.09364474817889588,-0.11850796598915567,0.3287306252007804,0.28052464952230327,0.11062847432272489,0.45966643435324367,0.19640179910044978,0.0014992503748125937,0.19640179910044978,0.0,탈락,1.0,False
블록24,S3,4,13,"ADA,ARB,AVAX,BTC,DOGE,ETH,LINK,ONDO,SOL,STX,SUI,XLM,XRP",,4626,-0.15595268149226849,-0.3496819347559718,0.09008707640468658,0.12366889682097802,-0.06825004018980821,0.3641605261875041,0.9395302348825587,0.14742628685657172,0.9395302348825587,0.0,탈락,1.0,False
블록24,S3,12,13,"ADA,ARB,AVAX,BTC,DOGE,ETH,LINK,ONDO,SOL,STX,SUI,XLM,XRP",,3444,-0.1917591509449686,-0.5312258650320333,0.199573920616546,0.04962599930493828,-0.267824423005334,0.4272250269092726,0.8510744627686156,0.38580709645177413,0.8510744627686156,0.0,탈락,1.0,False
블록24,S3,24,13,"ADA,ARB,AVAX,BTC,DOGE,ETH,LINK,ONDO,SOL,STX,SUI,XLM,XRP",,2765,-0.1565107851341813,-0.5950855719769492,0.38049582151564054,0.03036911620922614,-0.3748049189903417,0.5329236026004907,0.7501249375312344,0.4497751124437781,0.7501249375312344,0.0,탈락,1.0,False
블록24,S4,4,13,"ADA,ARB,AVAX,BTC,DOGE,ETH,LINK,ONDO,SOL,STX,SUI,XLM,XRP",,10677,-0.3153690136380327,-0.3878156274475709,-0.2405633332247516,-0.035747435324786164,-0.0983179497516888,0.028205764167836336,1.0,0.8705647176411794,1.0,0.0,탈락,1.0,False
블록24,S4,12,13,"ADA,ARB,AVAX,BTC,DOGE,ETH,LINK,ONDO,SOL,STX,SUI,XLM,XRP",,8365,-0.3672838820978211,-0.5140061127949346,-0.2285708114550584,-0.12589873184791425,-0.23194215343188676,-0.018173127973215835,1.0,0.9890054972513743,1.0,0.0,탈락,1.0,False
블록24,S4,24,13,"ADA,ARB,AVAX,BTC,DOGE,ETH,LINK,ONDO,SOL,STX,SUI,XLM,XRP",,6687,-0.18767416727441033,-0.39110719926999804,0.027853421337236256,-0.0007942659310029085,-0.16034048574676896,0.16304387270789206,0.9650174912543729,0.5107446276861569,0.9650174912543729,0.0,탈락,1.0,False
블록24,S5,4,13,"ADA,ARB,AVAX,BTC,DOGE,ETH,LINK,ONDO,SOL,STX,SUI,XLM,XRP",,13290,-0.28172250629112333,-0.35472448532860396,-0.2117058707378518,-0.002100927977876833,-0.06100875552289378,0.05764890962406109,1.0,0.527736131934033,1.0,0.0,탈락,1.0,False
블록24,S5,12,13,"ADA,ARB,AVAX,BTC,DOGE,ETH,LINK,ONDO,SOL,STX,SUI,XLM,XRP",,10221,-0.17739774325779312,-0.31193042334330995,-0.04850213110307414,0.06398740699211375,-0.023239430417644154,0.1548115045063799,0.9960019990004998,0.08095952023988005,0.9960019990004998,0.0,탈락,1.0,False
블록24,S5,24,13,"ADA,ARB,AVAX,BTC,DOGE,ETH,LINK,ONDO,SOL,STX,SUI,XLM,XRP",,7895,-0.06969728766125721,-0.2859498165511792,0.14210009625604156,0.11718261368215017,-0.02347774708731849,0.2540526029347186,0.7436281859070465,0.047476261869065464,0.7436281859070465,0.0,탈락,1.0,False
블록168,S1,4,13,"ADA,ARB,AVAX,BTC,DOGE,ETH,LINK,ONDO,SOL,STX,SUI,XLM,XRP",,15109,-0.33589056342037205,-0.39384000846259304,-0.275084109060056,-0.056268985107125566,-0.09781175788041327,-0.010046210618103957,1.0,0.9975012493753124,1.0,0.0,탈락,1.0,False
블록168,S1,12,13,"ADA,ARB,AVAX,BTC,DOGE,ETH,LINK,ONDO,SOL,STX,SUI,XLM,XRP",,12745,-0.2863558372493754,-0.4175552607041239,-0.15141763999279345,-0.04497068699946856,-0.11934425938096269,0.03169708588091031,1.0,0.881559220389805,1.0,0.0,탈락,1.0,False
블록168,S1,24,13,"ADA,ARB,AVAX,BTC,DOGE,ETH,LINK,ONDO,SOL,STX,SUI,XLM,XRP",,9410,-0.2149167953566624,-0.44941680640404463,0.030608364760077736,-0.02803689401325497,-0.13276003300361774,0.07666444666794012,0.9585207396301849,0.679160419790105,0.9585207396301849,0.0,탈락,1.0,False
블록168,S2,4,13,"ADA,ARB,AVAX,BTC,DOGE,ETH,LINK,ONDO,SOL,STX,SUI,XLM,XRP",,23330,-0.19913340205311977,-0.25910091265243457,-0.14087952282467167,0.0804881762601267,0.03852997012488188,0.12165104057255398,1.0,0.0009995002498750624,1.0,0.0,탈락,1.0,False
블록168,S2,12,13,"ADA,ARB,AVAX,BTC,DOGE,ETH,LINK,ONDO,SOL,STX,SUI,XLM,XRP",,9262,-0.05836643475911255,-0.22382682275018592,0.10170865084725621,0.18301871549079432,0.07257177511689565,0.2877083340209722,0.7571214392803598,0.0014992503748125937,0.7571214392803598,0.0,탈락,1.0,False
블록168,S2,24,13,"ADA,ARB,AVAX,BTC,DOGE,ETH,LINK,ONDO,SOL,STX,SUI,XLM,XRP",,5571,0.09364474817889588,-0.2027460932194464,0.3943898083708718,0.28052464952230327,0.09466445263938704,0.46671461163392386,0.26286856571714146,0.001999000499750125,0.26286856571714146,0.0,탈락,1.0,False
블록168,S3,4,13,"ADA,ARB,AVAX,BTC,DOGE,ETH,LINK,ONDO,SOL,STX,SUI,XLM,XRP",,4626,-0.15595268149226849,-0.34836891066626385,0.10255430270451259,0.12366889682097802,-0.05879380183139648,0.37092822720265434,0.9325337331334332,0.1409295352323838,0.9325337331334332,0.0,탈락,1.0,False
블록168,S3,12,13,"ADA,ARB,AVAX,BTC,DOGE,ETH,LINK,ONDO,SOL,STX,SUI,XLM,XRP",,3444,-0.1917591509449686,-0.5148113506956387,0.22120089250861907,0.04962599930493828,-0.2437807624627901,0.4263218154245793,0.8415792103948025,0.3588205897051474,0.8415792103948025,0.0,탈락,1.0,False
블록168,S3,24,13,"ADA,ARB,AVAX,BTC,DOGE,ETH,LINK,ONDO,SOL,STX,SUI,XLM,XRP",,2765,-0.1565107851341813,-0.5837831245200293,0.3916899882879732,0.03036911620922614,-0.34847624831348156,0.5109945305890443,0.7256371814092953,0.4122938530734633,0.7256371814092953,0.0,탈락,1.0,False
블록168,S4,4,13,"ADA,ARB,AVAX,BTC,DOGE,ETH,LINK,ONDO,SOL,STX,SUI,XLM,XRP",,10677,-0.3153690136380327,-0.38727779163396275,-0.24633143052369522,-0.035747435324786164,-0.10288094011543428,0.03159258189184783,1.0,0.8555722138930535,1.0,0.0,탈락,1.0,False
블록168,S4,12,13,"ADA,ARB,AVAX,BTC,DOGE,ETH,LINK,ONDO,SOL,STX,SUI,XLM,XRP",,8365,-0.3672838820978211,-0.5215713873934177,-0.21260842849283004,-0.12589873184791425,-0.23946582101967828,-0.008309758217033511,1.0,0.9815092453773113,1.0,0.0,탈락,1.0,False
블록168,S4,24,13,"ADA,ARB,AVAX,BTC,DOGE,ETH,LINK,ONDO,SOL,STX,SUI,XLM,XRP",,6687,-0.18767416727441033,-0.43164971511193007,0.06331814310677841,-0.0007942659310029085,-0.17463916967014995,0.16779681422748777,0.936031984007996,0.49375312343828087,0.936031984007996,0.0,탈락,1.0,False
블록168,S5,4,13,"ADA,ARB,AVAX,BTC,DOGE,ETH,LINK,ONDO,SOL,STX,SUI,XLM,XRP",,13290,-0.28172250629112333,-0.35302069043399276,-0.21259833449381063,-0.002100927977876833,-0.06222597319411022,0.05433250140894632,1.0,0.5327336331834083,1.0,0.0,탈락,1.0,False
블록168,S5,12,13,"ADA,ARB,AVAX,BTC,DOGE,ETH,LINK,ONDO,SOL,STX,SUI,XLM,XRP",,10221,-0.17739774325779312,-0.32565944877632247,-0.029939336606461954,0.06398740699211375,-0.031071348058353057,0.15177831530827238,0.9910044977511244,0.08745627186406797,0.9910044977511244,0.0,탈락,1.0,False
블록168,S5,24,13,"ADA,ARB,AVAX,BTC,DOGE,ETH,LINK,ONDO,SOL,STX,SUI,XLM,XRP",,7895,-0.06969728766125721,-0.3230929312428336,0.1985628326308335,0.11718261368215017,-0.002726516258590647,0.24425147982681955,0.7071464267866067,0.03798100949525238,0.7071464267866067,0.0,탈락,1.0,False
후기재검증,S1,4,13,"ADA,ARB,AVAX,BTC,DOGE,ETH,LINK,ONDO,SOL,STX,SUI,XLM,XRP",,5246,-0.3622986169157434,-0.44487869870616065,-0.27827838851542797,-0.06422609847628909,-0.1344567370864717,0.002899984763083914,1.0,0.9660169915042479,1.0,0.0,탈락,1.0,False
후기재검증,S1,12,13,"ADA,ARB,AVAX,BTC,DOGE,ETH,LINK,ONDO,SOL,STX,SUI,XLM,XRP",,4407,-0.38080691729339056,-0.5489721360244351,-0.20925126306818795,-0.08818856305629487,-0.20922213491687533,0.028272297515848224,1.0,0.9220389805097451,1.0,0.0,탈락,1.0,False
후기재검증,S1,24,13,"ADA,ARB,AVAX,BTC,DOGE,ETH,LINK,ONDO,SOL,STX,SUI,XLM,XRP",,3223,-0.3058844468652346,-0.6313157467282142,0.01878560995838557,-0.02193364905895889,-0.18739055845213237,0.1428891308121908,0.9690154922538731,0.600199900049975,0.9690154922538731,0.0,탈락,1.0,False
후기재검증,S2,4,13,"ADA,ARB,AVAX,BTC,DOGE,ETH,LINK,ONDO,SOL,STX,SUI,XLM,XRP",,7525,-0.22703777383796692,-0.33480255777954265,-0.11266831174884369,0.07103474460148744,-0.010786942645886059,0.16138657534299428,1.0,0.06146926536731634,1.0,0.0,탈락,1.0,False
후기재검증,S2,12,13,"ADA,ARB,AVAX,BTC,DOGE,ETH,LINK,ONDO,SOL,STX,SUI,XLM,XRP",,2997,-0.14039525845673767,-0.43162194692757266,0.1634647397719039,0.15222309578035792,-0.057784392685020405,0.37295136399924406,0.8145927036481759,0.08095952023988005,0.8145927036481759,0.0,탈락,1.0,False
후기재검증,S2,24,13,"ADA,ARB,AVAX,BTC,DOGE,ETH,LINK,ONDO,SOL,STX,SUI,XLM,XRP",,1818,-0.04831297084811023,-0.5261765508938897,0.4492964550906407,0.23563782695816546,-0.09404408874820089,0.5902628775553889,0.5702148925537232,0.08845577211394302,0.5702148925537232,0.0,탈락,1.0,False
후기재검증,S3,4,13,"ADA,ARB,AVAX,BTC,DOGE,ETH,LINK,ONDO,SOL,STX,SUI,XLM,XRP",,1621,-0.2923394816867005,-0.4789448547451383,-0.11526815983258878,0.005733036752753814,-0.18093996040557145,0.1853707926221225,0.9985007496251874,0.49725137431284355,0.9985007496251874,0.0,탈락,1.0,False
후기재검증,S3,12,13,"ADA,ARB,AVAX,BTC,DOGE,ETH,LINK,ONDO,SOL,STX,SUI,XLM,XRP",,1206,-0.37073559232582703,-0.785216877315118,0.026682241254545384,-0.07811723808873137,-0.4790395452857877,0.3061502818308331,0.9635182408795602,0.6621689155422289,0.9635182408795602,0.0,탈락,1.0,False
후기재검증,S3,24,13,"ADA,ARB,AVAX,BTC,DOGE,ETH,LINK,ONDO,SOL,STX,SUI,XLM,XRP",,970,-0.5202310576213844,-1.0393722254525737,-0.027873857861035956,-0.2362802598151087,-0.7266010137432523,0.2193805559419679,0.9750124937531235,0.8470764617691154,0.9750124937531235,0.0,탈락,1.0,False
후기재검증,S4,4,13,"ADA,ARB,AVAX,BTC,DOGE,ETH,LINK,ONDO,SOL,STX,SUI,XLM,XRP",,3579,-0.28252150982377977,-0.40710245503385895,-0.1572952464522308,0.015551008615674548,-0.10100615375349967,0.13816456890022547,1.0,0.4007996001999001,1.0,0.0,탈락,1.0,False
후기재검증,S4,12,13,"ADA,ARB,AVAX,BTC,DOGE,ETH,LINK,ONDO,SOL,STX,SUI,XLM,XRP",,2851,-0.40570077117481157,-0.6311439382392737,-0.1898555172633518,-0.11308241693771597,-0.3184939707179673,0.10182002795721737,1.0,0.8495752123938031,1.0,0.0,탈락,1.0,False
후기재검증,S4,24,13,"ADA,ARB,AVAX,BTC,DOGE,ETH,LINK,ONDO,SOL,STX,SUI,XLM,XRP",,2289,-0.36243231472232806,-0.7027576728032666,-0.02304976227018296,-0.07848151691605242,-0.3752953817104468,0.21309940585809717,0.9810094952523738,0.7041479260369815,0.9810094952523738,0.0,탈락,1.0,False
후기재검증,S5,4,13,"ADA,ARB,AVAX,BTC,DOGE,ETH,LINK,ONDO,SOL,STX,SUI,XLM,XRP",,4464,-0.2821592727485844,-0.4186342426651806,-0.1572566281987512,0.015913245690869944,-0.09344775038384438,0.11781439601011275,1.0,0.3803098450774613,1.0,0.0,탈락,1.0,False
후기재검증,S5,12,13,"ADA,ARB,AVAX,BTC,DOGE,ETH,LINK,ONDO,SOL,STX,SUI,XLM,XRP",,3505,-0.24060489442894337,-0.47180469603889935,-0.018194240768230785,0.05201345980815224,-0.11845015975115851,0.20005771116707471,0.9775112443778111,0.2538730634682659,0.9775112443778111,0.0,탈락,1.0,False
후기재검증,S5,24,13,"ADA,ARB,AVAX,BTC,DOGE,ETH,LINK,ONDO,SOL,STX,SUI,XLM,XRP",,2701,-0.17972157084353604,-0.5667194084831249,0.23591294593460088,0.10422922696273967,-0.08543920995138299,0.3151294300200474,0.8125937031484258,0.1629185407296352,0.8125937031484258,0.0,탈락,1.0,False
