runId,전략,코인페어,타임프레임,시작일,종료일,초기자금,슬리피지(%),수수료(%),Walk-Forward,WF학습종료일,WF테스트종료일,세그먼트,총수익률(%),승률(%),최대낙폭(%),샤프비율,소르티노비율,칼마비율,손익비,회복계수,총거래,승리거래,패배거래,평균수익(%),평균손실(%),최대연속손실,생성일시
432,COMPOSITE_REGIME_ROUTER,KRW-XRP,M15,2022-01-01 00:00:00,2026-04-30 00:00:00,10000000.00,0.100,0.050,false,,,FULL,-35.2000,9.96,-41.6000,-0.6403,-1.5618,-0.2487,6.0192,-0.8462,231,23,208,3.1300,-0.5200,32,2026-04-30 10:55:01
431,COMPOSITE_REGIME_ROUTER,KRW-USDT,M15,2022-01-01 00:00:00,2026-04-30 00:00:00,10000000.00,0.100,0.050,false,,,FULL,-26.8300,10.23,-26.8300,-5.3644,-5.7499,-0.6944,1.1795,-1.0000,88,9,79,0.4600,-0.3900,20,2026-04-30 10:53:28
430,COMPOSITE_REGIME_ROUTER,KRW-SUPER,M15,2022-01-01 00:00:00,2026-04-30 00:00:00,10000000.00,0.100,0.050,false,,,FULL,-3.8600,9.09,-8.6800,-0.7906,-1.4650,-1.8941,6.5091,-0.4447,11,1,10,7.1600,-1.1000,6,2026-04-30 10:52:51
429,COMPOSITE_REGIME_ROUTER,KRW-SOL,M15,2022-01-01 00:00:00,2026-04-30 00:00:00,10000000.00,0.100,0.050,false,,,FULL,-60.3800,7.50,-66.4500,-1.3093,-2.6042,-0.3181,7.2456,-0.9087,280,21,259,4.1300,-0.5700,41,2026-04-30 10:52:45
428,COMPOSITE_REGIME_ROUTER,KRW-KERNEL,M15,2022-01-01 00:00:00,2026-04-30 00:00:00,10000000.00,0.100,0.050,false,,,FULL,3.9600,16.67,-2.9800,1.3489,5.1212,11.5436,9.9375,1.3289,6,1,5,7.9500,-0.8000,3,2026-04-30 10:51:07
427,COMPOSITE_REGIME_ROUTER,KRW-IP,M15,2022-01-01 00:00:00,2026-04-30 00:00:00,10000000.00,0.100,0.050,false,,,FULL,-24.3700,4.00,-29.5600,-3.0230,-3.5591,-1.7756,5.8209,-0.8244,25,1,24,7.8000,-1.3400,23,2026-04-30 10:51:03
426,COMPOSITE_REGIME_ROUTER,KRW-FLOCK,M15,2022-01-01 00:00:00,2026-04-30 00:00:00,10000000.00,0.100,0.050,false,,,FULL,-4.8700,12.50,-12.9900,-0.3754,-0.9195,-1.4691,5.7500,-0.3749,24,3,21,7.5900,-1.3200,10,2026-04-30 10:50:54
425,COMPOSITE_REGIME_ROUTER,KRW-ETH,M15,2022-01-01 00:00:00,2026-04-30 00:00:00,10000000.00,0.100,0.050,false,,,FULL,-45.0900,7.22,-58.0800,-0.8977,-2.2600,-0.2437,7.4091,-0.7763,263,19,244,3.2600,-0.4400,58,2026-04-30 10:50:46
424,COMPOSITE_REGIME_ROUTER,KRW-DOGE,M15,2022-01-01 00:00:00,2026-04-30 00:00:00,10000000.00,0.100,0.050,false,,,FULL,-61.6300,7.77,-68.5800,-0.8537,-2.1909,-0.3145,8.1607,-0.8987,373,29,344,4.5700,-0.5600,65,2026-04-30 10:48:54
423,COMPOSITE_REGIME_ROUTER,KRW-CHZ,M15,2022-01-01 00:00:00,2026-04-30 00:00:00,10000000.00,0.100,0.050,false,,,FULL,-68.4400,7.23,-72.1700,-1.3678,-2.7170,-0.3517,7.7321,-0.9483,332,24,308,4.3300,-0.5600,107,2026-04-30 10:47:19
422,COMPOSITE_REGIME_ROUTER,KRW-BTC,M15,2022-01-01 00:00:00,2026-04-30 00:00:00,10000000.00,0.100,0.050,false,,,FULL,-42.4800,7.47,-43.2200,-1.3422,-2.7307,-0.3064,5.6458,-0.9829,174,13,161,2.7100,-0.4800,34,2026-04-30 10:45:45
421,COMPOSITE_REGIME_ROUTER,KRW-BLUR,M15,2022-01-01 00:00:00,2026-04-30 00:00:00,10000000.00,0.100,0.050,false,,,FULL,-70.2900,1.30,-70.6100,-4.1442,-5.1509,-0.5691,13.9107,-0.9955,154,2,152,7.7900,-0.5600,138,2026-04-30 10:43:57
420,COMPOSITE_REGIME_ROUTER,KRW-BIO,M15,2022-01-01 00:00:00,2026-04-30 00:00:00,10000000.00,0.100,0.050,false,,,FULL,-8.6900,0.00,-8.6900,-5.1832,-5.0506,-5.8259,0.0000,-1.0000,7,0,7,0.0000,-1.2400,7,2026-04-30 10:42:58
419,COMPOSITE_REGIME_ROUTER,KRW-AXL,M15,2022-01-01 00:00:00,2026-04-30 00:00:00,10000000.00,0.100,0.050,false,,,FULL,6.6000,9.09,-7.2000,0.7478,2.6923,2.8257,14.1111,0.9167,22,2,20,11.4300,-0.8100,10,2026-04-30 10:42:53
418,COMPOSITE_REGIME_ROUTER,KRW-API3,M15,2022-01-01 00:00:00,2026-04-30 00:00:00,10000000.00,0.100,0.050,false,,,FULL,-20.6400,8.33,-20.6400,-4.3289,-4.2386,-2.3913,0.0794,-1.0000,12,1,11,0.1500,-1.8900,8,2026-04-30 10:42:41
417,COMPOSITE_REGIME_ROUTER,KRW-ADA,M15,2022-01-01 00:00:00,2026-04-30 00:00:00,10000000.00,0.100,0.050,false,,,FULL,-48.6500,8.05,-54.1600,-0.8871,-1.9665,-0.2850,7.8615,-0.8983,261,21,240,5.1100,-0.6500,40,2026-04-30 10:42:32
416,COMPOSITE_REGIME_ROUTER,KRW-AAVE,M15,2022-01-01 00:00:00,2026-04-30 00:00:00,10000000.00,0.100,0.050,false,,,FULL,-46.2100,7.83,-50.2500,-1.0332,-2.2476,-0.2893,6.7963,-0.9196,217,17,200,3.6700,-0.5400,33,2026-04-30 10:40:59
415,COMPOSITE_REGIME_ROUTER,KRW-XRP,H1,2022-01-01 00:00:00,2026-04-30 00:00:00,10000000.00,0.100,0.050,false,,,FULL,-0.4800,10.81,-15.2900,0.0535,0.1474,-0.0085,8.1584,-0.0314,74,8,66,8.2400,-1.0100,17,2026-04-30 10:03:09
414,COMPOSITE_REGIME_ROUTER,KRW-USDT,H1,2022-01-01 00:00:00,2026-04-30 00:00:00,10000000.00,0.100,0.050,false,,,FULL,0.5500,15.38,-5.4100,0.0981,0.3284,0.0874,5.8571,0.1017,13,2,11,4.1000,-0.7000,8,2026-04-30 10:02:41
413,COMPOSITE_REGIME_ROUTER,KRW-SUPER,H1,2022-01-01 00:00:00,2026-04-30 00:00:00,10000000.00,0.100,0.050,false,,,FULL,-4.1600,0.00,-4.1600,0.0000,0.0000,-0.9995,0.0000,-1.0000,1,0,1,0.0000,-4.1600,1,2026-04-30 10:02:30
412,COMPOSITE_REGIME_ROUTER,KRW-SOL,H1,2022-01-01 00:00:00,2026-04-30 00:00:00,10000000.00,0.100,0.050,false,,,FULL,65.3800,18.81,-14.9300,0.7560,2.2660,0.9607,6.8043,4.3791,101,19,82,9.3900,-1.3800,12,2026-04-30 10:02:28
411,COMPOSITE_REGIME_ROUTER,KRW-MOVE,H1,2022-01-01 00:00:00,2026-04-30 00:00:00,10000000.00,0.100,0.050,false,,,FULL,-2.8800,11.76,-13.4600,-0.1504,-0.3224,-0.2209,6.4148,-0.2140,17,2,15,8.6600,-1.3500,12,2026-04-30 10:01:57
410,COMPOSITE_REGIME_ROUTER,KRW-KERNEL,H1,2022-01-01 00:00:00,2026-04-30 00:00:00,10000000.00,0.100,0.050,false,,,FULL,-5.7800,0.00,-5.7800,-5.9390,-5.7734,-10.0432,0.0000,-1.0000,4,0,4,0.0000,-1.4400,4,2026-04-30 10:01:49
409,COMPOSITE_REGIME_ROUTER,KRW-IP,H1,2022-01-01 00:00:00,2026-04-30 00:00:00,10000000.00,0.100,0.050,false,,,FULL,12.9900,25.00,-2.1600,3.2563,40.3288,250.4001,18.6506,6.0139,4,1,3,15.4800,-0.8300,3,2026-04-30 10:01:48
408,COMPOSITE_REGIME_ROUTER,KRW-FLOCK,H1,2022-01-01 00:00:00,2026-04-30 00:00:00,10000000.00,0.100,0.050,false,,,FULL,-8.4900,0.00,-8.4900,-5.3980,-5.2647,-7.3630,0.0000,-1.0000,3,0,3,0.0000,-2.8300,3,2026-04-30 10:01:46
407,COMPOSITE_REGIME_ROUTER,KRW-ETH,H1,2022-01-01 00:00:00,2026-04-30 00:00:00,10000000.00,0.100,0.050,false,,,FULL,65.0900,15.89,-13.8600,0.8843,3.3909,0.9886,8.8611,4.6962,107,17,90,9.5700,-1.0800,18,2026-04-30 10:01:43
406,COMPOSITE_REGIME_ROUTER,KRW-DOGE,H1,2022-01-01 00:00:00,2026-04-30 00:00:00,10000000.00,0.100,0.050,false,,,FULL,59.8900,14.78,-26.3400,0.6486,1.9574,0.4853,8.4504,2.2737,115,17,98,11.0700,-1.3100,34,2026-04-30 10:01:06
405,COMPOSITE_REGIME_ROUTER,KRW-CHZ,H1,2022-01-01 00:00:00,2026-04-30 00:00:00,10000000.00,0.100,0.050,false,,,FULL,-26.9400,7.45,-33.7600,-0.4283,-1.0450,-0.2319,8.5700,-0.7980,94,7,87,8.5700,-1.0000,39,2026-04-30 10:00:36
404,COMPOSITE_REGIME_ROUTER,KRW-BTC,H1,2022-01-01 00:00:00,2026-04-30 00:00:00,10000000.00,0.100,0.050,false,,,FULL,14.3300,11.90,-12.7100,0.3330,1.1860,0.2838,9.0814,1.1275,84,10,74,7.8100,-0.8600,20,2026-04-30 10:00:07
403,COMPOSITE_REGIME_ROUTER,KRW-BLUR,H1,2022-01-01 00:00:00,2026-04-30 00:00:00,10000000.00,0.100,0.050,false,,,FULL,33.1900,16.98,-14.8600,0.6608,1.7249,0.8315,7.1739,2.2335,53,9,44,11.5500,-1.6100,13,2026-04-30 09:59:29
402,COMPOSITE_REGIME_ROUTER,KRW-BIO,H1,2022-01-01 00:00:00,2026-04-30 00:00:00,10000000.00,0.100,0.050,false,,,FULL,-3.4900,0.00,-3.4900,-4624.8938,-19.1049,-0.9992,0.0000,-1.0000,2,0,2,0.0000,-1.7400,2,2026-04-30 09:59:11
401,COMPOSITE_REGIME_ROUTER,KRW-AXL,H1,2022-01-01 00:00:00,2026-04-30 00:00:00,10000000.00,0.100,0.050,false,,,FULL,-11.3700,0.00,-11.3700,-3.3859,-3.3485,-2.9018,0.0000,-1.0000,6,0,6,0.0000,-1.8900,6,2026-04-30 09:59:10
400,COMPOSITE_REGIME_ROUTER,KRW-ADA,H1,2022-01-01 00:00:00,2026-04-30 00:00:00,10000000.00,0.100,0.050,false,,,FULL,8.8500,12.20,-19.9600,0.2210,0.6174,0.1120,7.9160,0.4434,82,10,72,9.4200,-1.1900,16,2026-04-30 09:59:06
399,COMPOSITE_REGIME_ROUTER,KRW-AAVE,H1,2022-01-01 00:00:00,2026-04-30 00:00:00,10000000.00,0.100,0.050,false,,,FULL,-3.8000,9.30,-25.0800,0.0191,0.0531,-0.0395,9.3590,-0.1515,86,8,78,10.9500,-1.1700,19,2026-04-30 09:58:36
398,COMPOSITE_MOMENTUM_ICHIMOKU,KRW-DOGE,H1,2022-01-01 00:00:00,2025-12-31 00:00:00,1000000.00,0.050,0.050,true,,,,,,,,,,,,,,,,,2026-04-27 14:14:26
397,COMPOSITE_MOMENTUM,KRW-DOGE,H1,2022-01-01 00:00:00,2025-12-31 00:00:00,1000000.00,0.050,0.050,true,,,,,,,,,,,,,,,,,2026-04-27 14:13:52
396,COMPOSITE_MOMENTUM_ICHIMOKU_V2,KRW-DOGE,H1,2022-01-01 00:00:00,2025-12-31 00:00:00,1000000.00,0.050,0.050,true,,,,,,,,,,,,,,,,,2026-04-27 14:13:18
395,COMPOSITE_BREAKOUT,KRW-DOGE,H1,2022-01-01 00:00:00,2025-12-31 00:00:00,1000000.00,0.050,0.050,true,,,,,,,,,,,,,,,,,2026-04-27 14:12:48
394,COMPOSITE_MOMENTUM_ICHIMOKU,KRW-XRP,H1,2022-01-01 00:00:00,2025-12-31 00:00:00,1000000.00,0.050,0.050,true,,,,,,,,,,,,,,,,,2026-04-27 14:11:50
393,COMPOSITE_MOMENTUM,KRW-XRP,H1,2022-01-01 00:00:00,2025-12-31 00:00:00,1000000.00,0.050,0.050,true,,,,,,,,,,,,,,,,,2026-04-27 14:11:18
392,COMPOSITE_MOMENTUM_ICHIMOKU_V2,KRW-XRP,H1,2022-01-01 00:00:00,2025-12-31 00:00:00,1000000.00,0.050,0.050,true,,,,,,,,,,,,,,,,,2026-04-27 14:10:46
391,COMPOSITE_BREAKOUT,KRW-XRP,H1,2022-01-01 00:00:00,2025-12-31 00:00:00,1000000.00,0.050,0.050,true,,,,,,,,,,,,,,,,,2026-04-27 14:10:17
390,COMPOSITE_MOMENTUM_ICHIMOKU,KRW-SOL,H1,2022-01-01 00:00:00,2025-12-31 00:00:00,1000000.00,0.050,0.050,true,,,,,,,,,,,,,,,,,2026-04-27 14:09:24
389,COMPOSITE_MOMENTUM,KRW-SOL,H1,2022-01-01 00:00:00,2025-12-31 00:00:00,1000000.00,0.050,0.050,true,,,,,,,,,,,,,,,,,2026-04-27 14:08:49
388,COMPOSITE_MOMENTUM_ICHIMOKU_V2,KRW-SOL,H1,2022-01-01 00:00:00,2025-12-31 00:00:00,1000000.00,0.050,0.050,true,,,,,,,,,,,,,,,,,2026-04-27 14:08:13
387,COMPOSITE_BREAKOUT,KRW-SOL,H1,2022-01-01 00:00:00,2025-12-31 00:00:00,1000000.00,0.050,0.050,true,,,,,,,,,,,,,,,,,2026-04-27 14:07:41
386,COMPOSITE_MOMENTUM_ICHIMOKU,KRW-ETH,H1,2022-01-01 00:00:00,2025-12-31 00:00:00,1000000.00,0.050,0.050,true,,,,,,,,,,,,,,,,,2026-04-27 14:06:44
385,COMPOSITE_MOMENTUM,KRW-ETH,H1,2022-01-01 00:00:00,2025-12-31 00:00:00,1000000.00,0.050,0.050,true,,,,,,,,,,,,,,,,,2026-04-27 14:05:59
384,COMPOSITE_MOMENTUM_ICHIMOKU_V2,KRW-ETH,H1,2022-01-01 00:00:00,2025-12-31 00:00:00,1000000.00,0.050,0.050,true,,,,,,,,,,,,,,,,,2026-04-27 14:05:19
383,COMPOSITE_BREAKOUT,KRW-ETH,H1,2022-01-01 00:00:00,2025-12-31 00:00:00,1000000.00,0.050,0.050,true,,,,,,,,,,,,,,,,,2026-04-27 14:04:42
382,COMPOSITE_MOMENTUM_ICHIMOKU,KRW-BTC,H1,2022-01-01 00:00:00,2025-12-31 00:00:00,1000000.00,0.050,0.050,true,,,,,,,,,,,,,,,,,2026-04-27 14:03:41
381,COMPOSITE_MOMENTUM,KRW-BTC,H1,2022-01-01 00:00:00,2025-12-31 00:00:00,1000000.00,0.050,0.050,true,,,,,,,,,,,,,,,,,2026-04-27 14:03:03
380,COMPOSITE_MOMENTUM_ICHIMOKU_V2,KRW-BTC,H1,2022-01-01 00:00:00,2025-12-31 00:00:00,1000000.00,0.050,0.050,true,,,,,,,,,,,,,,,,,2026-04-27 14:02:25
379,COMPOSITE_BREAKOUT,KRW-BTC,H1,2022-01-01 00:00:00,2025-12-31 00:00:00,1000000.00,0.050,0.050,true,,,,,,,,,,,,,,,,,2026-04-27 14:01:50
378,COMPOSITE_MOMENTUM_ICHIMOKU_V2,KRW-SOL,H1,2022-01-01 00:00:00,2026-04-24 00:00:00,1000000.00,0.100,0.050,true,,,,,,,,,,,,,,,,,2026-04-24 12:38:02
377,COMPOSITE_MOMENTUM,KRW-SOL,H1,2022-01-01 00:00:00,2026-04-24 00:00:00,1000000.00,0.100,0.050,true,,,,,,,,,,,,,,,,,2026-04-24 12:37:40
376,COMPOSITE_MOMENTUM_ICHIMOKU,KRW-SOL,H1,2022-01-01 00:00:00,2026-04-24 00:00:00,1000000.00,0.100,0.050,true,,,,,,,,,,,,,,,,,2026-04-24 12:37:15
375,COMPOSITE_BREAKOUT,KRW-SOL,H1,2022-01-01 00:00:00,2026-04-24 00:00:00,1000000.00,0.100,0.050,true,,,,,,,,,,,,,,,,,2026-04-24 12:36:51
374,COMPOSITE_MOMENTUM_ICHIMOKU_V2,KRW-ADA,H1,2022-01-01 00:00:00,2026-04-24 00:00:00,1000000.00,0.100,0.050,true,,,,,,,,,,,,,,,,,2026-04-24 12:36:11
373,COMPOSITE_MOMENTUM,KRW-ADA,H1,2022-01-01 00:00:00,2026-04-24 00:00:00,1000000.00,0.100,0.050,true,,,,,,,,,,,,,,,,,2026-04-24 12:35:51
372,COMPOSITE_MOMENTUM_ICHIMOKU,KRW-ADA,H1,2022-01-01 00:00:00,2026-04-24 00:00:00,1000000.00,0.100,0.050,true,,,,,,,,,,,,,,,,,2026-04-24 12:35:28
371,COMPOSITE_BREAKOUT,KRW-ADA,H1,2022-01-01 00:00:00,2026-04-24 00:00:00,1000000.00,0.100,0.050,true,,,,,,,,,,,,,,,,,2026-04-24 12:35:06
370,COMPOSITE_BREAKOUT,KRW-XRP,H1,2022-01-01 00:00:00,2026-04-24 00:00:00,10000000.00,0.100,0.050,false,,,FULL,-1.6000,11.48,-30.8000,0.0718,0.2243,-0.0137,7.5677,-0.0519,61,7,54,11.7300,-1.5500,23,2026-04-24 11:28:16
369,COMPOSITE_MOMENTUM_ICHIMOKU_V2,KRW-XRP,H1,2022-01-01 00:00:00,2026-04-24 00:00:00,10000000.00,0.100,0.050,false,,,FULL,-10.3500,11.29,-32.3800,-0.0811,-0.2028,-0.0872,7.0842,-0.3196,124,14,110,6.7300,-0.9500,30,2026-04-24 11:27:36
368,COMPOSITE_MOMENTUM_ICHIMOKU,KRW-XRP,H1,2022-01-01 00:00:00,2026-04-24 00:00:00,10000000.00,0.100,0.050,false,,,FULL,1.0400,11.54,-24.2200,0.0949,0.2489,0.0112,7.7184,0.0429,104,12,92,7.9500,-1.0300,26,2026-04-24 11:27:15
367,COMPOSITE_BREAKOUT_ICHIMOKU,KRW-XRP,H1,2022-01-01 00:00:00,2026-04-24 00:00:00,10000000.00,0.100,0.050,false,,,FULL,-1.6000,11.48,-30.8000,0.0718,0.2243,-0.0137,7.5677,-0.0519,61,7,54,11.7300,-1.5500,23,2026-04-24 11:26:53
366,COMPOSITE_BREAKOUT,KRW-USDT,H1,2022-01-01 00:00:00,2026-04-24 00:00:00,10000000.00,0.100,0.050,false,,,FULL,-4.4500,0.00,-4.4500,-2.8970,-2.8687,-1.1396,0.0000,-1.0000,8,0,8,0.0000,-0.5600,8,2026-04-24 11:26:15
365,COMPOSITE_MOMENTUM_ICHIMOKU_V2,KRW-USDT,H1,2022-01-01 00:00:00,2026-04-24 00:00:00,10000000.00,0.100,0.050,false,,,FULL,-6.5800,6.90,-10.3000,-0.6323,-1.6246,-0.4519,7.4444,-0.6388,29,2,27,4.0200,-0.5400,19,2026-04-24 11:26:04
364,COMPOSITE_MOMENTUM_ICHIMOKU,KRW-USDT,H1,2022-01-01 00:00:00,2026-04-24 00:00:00,10000000.00,0.100,0.050,false,,,FULL,-1.6000,8.33,-9.1400,-0.1092,-0.3174,-0.1226,9.6441,-0.1751,24,2,22,5.6900,-0.5900,16,2026-04-24 11:25:57
363,COMPOSITE_BREAKOUT_ICHIMOKU,KRW-USDT,H1,2022-01-01 00:00:00,2026-04-24 00:00:00,10000000.00,0.100,0.050,false,,,FULL,-4.4500,0.00,-4.4500,-2.8970,-2.8687,-1.1396,0.0000,-1.0000,8,0,8,0.0000,-0.5600,8,2026-04-24 11:25:49
362,COMPOSITE_BREAKOUT,KRW-SUPER,H1,2022-01-01 00:00:00,2026-04-24 00:00:00,10000000.00,0.100,0.050,false,,,FULL,42.1600,50.00,-12.3700,2.1752,9.4381,75.3959,3.3551,3.4082,6,3,3,20.0300,-5.9700,2,2026-04-24 11:25:38
361,COMPOSITE_MOMENTUM_ICHIMOKU_V2,KRW-SUPER,H1,2022-01-01 00:00:00,2026-04-24 00:00:00,10000000.00,0.100,0.050,false,,,FULL,-6.3400,0.00,-6.3400,-6.5256,-6.3262,-11.9098,0.0000,-1.0000,3,0,3,0.0000,-2.1100,3,2026-04-24 11:25:35
360,COMPOSITE_MOMENTUM_ICHIMOKU,KRW-SUPER,H1,2022-01-01 00:00:00,2026-04-24 00:00:00,10000000.00,0.100,0.050,false,,,FULL,-6.3400,0.00,-6.3400,-6.5256,-6.3262,-11.9098,0.0000,-1.0000,3,0,3,0.0000,-2.1100,3,2026-04-24 11:25:34
359,COMPOSITE_BREAKOUT_ICHIMOKU,KRW-SUPER,H1,2022-01-01 00:00:00,2026-04-24 00:00:00,10000000.00,0.100,0.050,false,,,FULL,42.1600,50.00,-12.3700,2.1752,9.4381,75.3959,3.3551,3.4082,6,3,3,20.0300,-5.9700,2,2026-04-24 11:25:33
358,COMPOSITE_BREAKOUT,KRW-SOL,H1,2022-01-01 00:00:00,2026-04-24 00:00:00,10000000.00,0.100,0.050,false,,,FULL,62.7900,18.97,-20.4500,0.6558,3.1155,0.6589,7.5114,3.0704,58,11,47,13.2200,-1.7600,20,2026-04-24 11:25:30
357,COMPOSITE_MOMENTUM_ICHIMOKU_V2,KRW-SOL,H1,2022-01-01 00:00:00,2026-04-24 00:00:00,10000000.00,0.100,0.050,false,,,FULL,42.3200,15.58,-22.0800,0.5280,1.4721,0.4465,6.7444,1.9167,154,24,130,8.9700,-1.3300,23,2026-04-24 11:24:50
356,COMPOSITE_MOMENTUM_ICHIMOKU,KRW-SOL,H1,2022-01-01 00:00:00,2026-04-24 00:00:00,10000000.00,0.100,0.050,false,,,FULL,17.3000,14.63,-31.0900,0.3114,0.8157,0.1403,6.6639,0.5564,123,18,105,7.9300,-1.1900,19,2026-04-24 11:24:27
355,COMPOSITE_BREAKOUT_ICHIMOKU,KRW-SOL,H1,2022-01-01 00:00:00,2026-04-24 00:00:00,10000000.00,0.100,0.050,false,,,FULL,62.7900,18.97,-20.4500,0.6558,3.1155,0.6589,7.5114,3.0704,58,11,47,13.2200,-1.7600,20,2026-04-24 11:24:02
354,COMPOSITE_BREAKOUT,KRW-MOVE,H1,2022-01-01 00:00:00,2026-04-24 00:00:00,10000000.00,0.100,0.050,false,,,FULL,-6.4200,27.27,-20.3900,-0.1827,-0.2980,-0.3483,2.2123,-0.3149,11,3,8,10.4200,-4.7100,5,2026-04-24 11:23:21
353,COMPOSITE_MOMENTUM_ICHIMOKU_V2,KRW-MOVE,H1,2022-01-01 00:00:00,2026-04-24 00:00:00,10000000.00,0.100,0.050,false,,,FULL,-7.6000,12.50,-16.4300,-0.3926,-0.7544,-0.4777,5.3221,-0.4626,24,3,21,7.9300,-1.4900,8,2026-04-24 11:23:12
352,COMPOSITE_MOMENTUM_ICHIMOKU,KRW-MOVE,H1,2022-01-01 00:00:00,2026-04-24 00:00:00,10000000.00,0.100,0.050,false,,,FULL,-0.3900,16.67,-12.6500,0.0593,0.1289,-0.0386,4.9024,-0.0308,18,3,15,8.0400,-1.6400,7,2026-04-24 11:23:06
351,COMPOSITE_BREAKOUT_ICHIMOKU,KRW-MOVE,H1,2022-01-01 00:00:00,2026-04-24 00:00:00,10000000.00,0.100,0.050,false,,,FULL,-6.4200,27.27,-20.3900,-0.1827,-0.2980,-0.3483,2.2123,-0.3149,11,3,8,10.4200,-4.7100,5,2026-04-24 11:23:01
350,COMPOSITE_BREAKOUT,KRW-KERNEL,H1,2022-01-01 00:00:00,2026-04-24 00:00:00,10000000.00,0.100,0.050,false,,,FULL,-4.1600,0.00,-4.1600,0.0000,0.0000,-0.9995,0.0000,-1.0000,1,0,1,0.0000,-4.1600,1,2026-04-24 11:22:52
349,COMPOSITE_MOMENTUM_ICHIMOKU_V2,KRW-KERNEL,H1,2022-01-01 00:00:00,2026-04-24 00:00:00,10000000.00,0.100,0.050,false,,,FULL,-9.6900,0.00,-9.6900,-5.1346,-5.0097,-5.8068,0.0000,-1.0000,5,0,5,0.0000,-1.9400,5,2026-04-24 11:22:50
348,COMPOSITE_MOMENTUM_ICHIMOKU,KRW-KERNEL,H1,2022-01-01 00:00:00,2026-04-24 00:00:00,10000000.00,0.100,0.050,false,,,FULL,-8.7900,0.00,-8.7900,-4.1749,-4.1216,-5.9841,0.0000,-1.0000,4,0,4,0.0000,-2.2000,4,2026-04-24 11:22:49
347,COMPOSITE_BREAKOUT_ICHIMOKU,KRW-KERNEL,H1,2022-01-01 00:00:00,2026-04-24 00:00:00,10000000.00,0.100,0.050,false,,,FULL,-4.1600,0.00,-4.1600,0.0000,0.0000,-0.9995,0.0000,-1.0000,1,0,1,0.0000,-4.1600,1,2026-04-24 11:22:49
346,COMPOSITE_BREAKOUT,KRW-IP,H1,2022-01-01 00:00:00,2026-04-24 00:00:00,10000000.00,0.100,0.050,false,,,FULL,7.9800,33.33,-14.5200,0.7271,1.4510,1.6290,2.6434,0.5496,9,3,6,10.9700,-4.1500,3,2026-04-24 11:22:47
345,COMPOSITE_MOMENTUM_ICHIMOKU_V2,KRW-IP,H1,2022-01-01 00:00:00,2026-04-24 00:00:00,10000000.00,0.100,0.050,false,,,FULL,4.4500,14.29,-9.5500,0.7984,2.5502,2.9506,8.4130,0.4660,7,1,6,15.4800,-1.8400,6,2026-04-24 11:22:44
344,COMPOSITE_MOMENTUM_ICHIMOKU,KRW-IP,H1,2022-01-01 00:00:00,2026-04-24 00:00:00,10000000.00,0.100,0.050,false,,,FULL,5.1300,16.67,-8.9700,0.8916,2.8677,3.6783,7.4783,0.5719,6,1,5,15.4800,-2.0700,5,2026-04-24 11:22:42
343,COMPOSITE_BREAKOUT_ICHIMOKU,KRW-IP,H1,2022-01-01 00:00:00,2026-04-24 00:00:00,10000000.00,0.100,0.050,false,,,FULL,7.9800,33.33,-14.5200,0.7271,1.4510,1.6290,2.6434,0.5496,9,3,6,10.9700,-4.1500,3,2026-04-24 11:22:40
342,COMPOSITE_BREAKOUT,KRW-FLOCK,H1,2022-01-01 00:00:00,2026-04-24 00:00:00,10000000.00,0.100,0.050,false,,,FULL,-37.0300,0.00,-37.0300,-4.6740,-4.5610,-2.1929,0.0000,-1.0000,9,0,9,0.0000,-4.1100,9,2026-04-24 11:22:37
341,COMPOSITE_MOMENTUM_ICHIMOKU_V2,KRW-FLOCK,H1,2022-01-01 00:00:00,2026-04-24 00:00:00,10000000.00,0.100,0.050,false,,,FULL,-21.5900,0.00,-21.5900,-5.0952,-4.9460,-2.7256,0.0000,-1.0000,8,0,8,0.0000,-2.7000,8,2026-04-24 11:22:34
340,COMPOSITE_MOMENTUM_ICHIMOKU,KRW-FLOCK,H1,2022-01-01 00:00:00,2026-04-24 00:00:00,10000000.00,0.100,0.050,false,,,FULL,-18.9600,10.00,-21.5900,-4.7703,-4.6499,-2.4818,2.5544,-0.8782,10,1,9,7.5100,-2.9400,8,2026-04-24 11:22:33
339,COMPOSITE_BREAKOUT_ICHIMOKU,KRW-FLOCK,H1,2022-01-01 00:00:00,2026-04-24 00:00:00,10000000.00,0.100,0.050,false,,,FULL,-37.0300,0.00,-37.0300,-4.6740,-4.5610,-2.1929,0.0000,-1.0000,9,0,9,0.0000,-4.1100,9,2026-04-24 11:22:31
338,COMPOSITE_BREAKOUT,KRW-ETH,H1,2022-01-01 00:00:00,2026-04-24 00:00:00,10000000.00,0.100,0.050,false,,,FULL,30.9000,14.29,-10.9000,0.6113,2.1547,0.7113,9.1000,2.8349,70,10,60,9.1000,-1.0000,14,2026-04-24 11:22:28
337,COMPOSITE_MOMENTUM_ICHIMOKU_V2,KRW-ETH,H1,2022-01-01 00:00:00,2026-04-24 00:00:00,10000000.00,0.100,0.050,false,,,FULL,58.0000,15.33,-13.3100,0.7453,2.5976,0.9264,8.0495,4.3576,150,23,127,8.1300,-1.0100,15,2026-04-24 11:21:44
336,COMPOSITE_MOMENTUM_ICHIMOKU,KRW-DOGE,H1,2022-01-01 00:00:00,2025-12-31 00:00:00,1000000.00,0.050,0.050,true,,,,,,,,,,,,,,,,,2026-04-24 11:21:36
335,COMPOSITE_MOMENTUM_ICHIMOKU,KRW-ETH,H1,2022-01-01 00:00:00,2026-04-24 00:00:00,10000000.00,0.100,0.050,false,,,FULL,50.7300,14.93,-10.6300,0.6964,2.3678,1.0342,8.0748,4.7723,134,20,114,8.6400,-1.0700,12,2026-04-24 11:21:14
334,COMPOSITE_MOMENTUM,KRW-DOGE,H1,2022-01-01 00:00:00,2025-12-31 00:00:00,1000000.00,0.050,0.050,true,,,,,,,,,,,,,,,,,2026-04-24 11:21:03
333,COMPOSITE_BREAKOUT_ICHIMOKU,KRW-ETH,H1,2022-01-01 00:00:00,2026-04-24 00:00:00,10000000.00,0.100,0.050,false,,,FULL,30.9000,14.29,-10.9000,0.6113,2.1547,0.7113,9.1000,2.8349,70,10,60,9.1000,-1.0000,14,2026-04-24 11:20:39
332,COMPOSITE_MOMENTUM_ICHIMOKU_V2,KRW-DOGE,H1,2022-01-01 00:00:00,2025-12-31 00:00:00,1000000.00,0.050,0.050,true,,,,,,,,,,,,,,,,,2026-04-24 11:20:30
331,COMPOSITE_BREAKOUT,KRW-DOGE,H1,2022-01-01 00:00:00,2025-12-31 00:00:00,1000000.00,0.050,0.050,true,,,,,,,,,,,,,,,,,2026-04-24 11:20:00
330,COMPOSITE_BREAKOUT,KRW-DOGE,H1,2022-01-01 00:00:00,2026-04-24 00:00:00,10000000.00,0.100,0.050,false,,,FULL,17.7500,17.91,-22.5300,0.3237,0.7546,0.1897,5.5461,0.7878,67,12,55,8.4300,-1.5200,15,2026-04-24 11:19:49
329,COMPOSITE_MOMENTUM_ICHIMOKU,KRW-XRP,H1,2022-01-01 00:00:00,2025-12-31 00:00:00,1000000.00,0.050,0.050,true,,,,,,,,,,,,,,,,,2026-04-24 11:19:17
328,COMPOSITE_MOMENTUM_ICHIMOKU_V2,KRW-DOGE,H1,2022-01-01 00:00:00,2026-04-24 00:00:00,10000000.00,0.100,0.050,false,,,FULL,124.7700,15.61,-30.7500,0.8662,2.7619,0.7497,8.0169,4.0576,173,27,146,14.1900,-1.7700,44,2026-04-24 11:19:14
327,COMPOSITE_MOMENTUM_ICHIMOKU,KRW-DOGE,H1,2022-01-01 00:00:00,2026-04-24 00:00:00,10000000.00,0.100,0.050,false,,,FULL,48.8600,13.97,-34.5300,0.5853,1.6768,0.3107,8.1719,1.4150,136,19,117,10.4600,-1.2800,44,2026-04-24 11:18:56
326,COMPOSITE_MOMENTUM,KRW-XRP,H1,2022-01-01 00:00:00,2025-12-31 00:00:00,1000000.00,0.050,0.050,true,,,,,,,,,,,,,,,,,2026-04-24 11:18:54
325,COMPOSITE_BREAKOUT_ICHIMOKU,KRW-DOGE,H1,2022-01-01 00:00:00,2026-04-24 00:00:00,10000000.00,0.100,0.050,false,,,FULL,17.7500,17.91,-22.5300,0.3237,0.7546,0.1897,5.5461,0.7878,67,12,55,8.4300,-1.5200,15,2026-04-24 11:18:35
324,COMPOSITE_MOMENTUM_ICHIMOKU_V2,KRW-XRP,H1,2022-01-01 00:00:00,2025-12-31 00:00:00,1000000.00,0.050,0.050,true,,,,,,,,,,,,,,,,,2026-04-24 11:18:31
323,COMPOSITE_BREAKOUT,KRW-XRP,H1,2022-01-01 00:00:00,2025-12-31 00:00:00,1000000.00,0.050,0.050,true,,,,,,,,,,,,,,,,,2026-04-24 11:18:10
322,COMPOSITE_BREAKOUT,KRW-CHZ,H1,2022-01-01 00:00:00,2026-04-24 00:00:00,10000000.00,0.100,0.050,false,,,FULL,-23.7700,13.51,-26.8500,-0.5140,-0.9153,-0.2605,4.0051,-0.8853,37,5,32,7.9300,-1.9800,10,2026-04-24 11:18:00
321,COMPOSITE_MOMENTUM_ICHIMOKU,KRW-SOL,H1,2022-01-01 00:00:00,2025-12-31 00:00:00,1000000.00,0.050,0.050,true,,,,,,,,,,,,,,,,,2026-04-24 11:17:31
320,COMPOSITE_MOMENTUM_ICHIMOKU_V2,KRW-CHZ,H1,2022-01-01 00:00:00,2026-04-24 00:00:00,10000000.00,0.100,0.050,false,,,FULL,-18.3800,9.09,-48.9400,-0.1275,-0.3416,-0.1035,9.0000,-0.3756,165,15,150,11.4300,-1.2700,43,2026-04-24 11:17:27
319,COMPOSITE_MOMENTUM_ICHIMOKU,KRW-CHZ,H1,2022-01-01 00:00:00,2026-04-24 00:00:00,10000000.00,0.100,0.050,false,,,FULL,-12.7700,9.70,-39.3400,-0.0652,-0.1769,-0.0857,8.5156,-0.3246,134,13,121,10.9000,-1.2800,33,2026-04-24 11:17:09
318,COMPOSITE_MOMENTUM,KRW-SOL,H1,2022-01-01 00:00:00,2025-12-31 00:00:00,1000000.00,0.050,0.050,true,,,,,,,,,,,,,,,,,2026-04-24 11:17:05
317,COMPOSITE_BREAKOUT_ICHIMOKU,KRW-CHZ,H1,2022-01-01 00:00:00,2026-04-24 00:00:00,10000000.00,0.100,0.050,false,,,FULL,-23.7700,13.51,-26.8500,-0.5140,-0.9153,-0.2605,4.0051,-0.8853,37,5,32,7.9300,-1.9800,10,2026-04-24 11:16:49
316,COMPOSITE_MOMENTUM_ICHIMOKU_V2,KRW-SOL,H1,2022-01-01 00:00:00,2025-12-31 00:00:00,1000000.00,0.050,0.050,true,,,,,,,,,,,,,,,,,2026-04-24 11:16:39
315,COMPOSITE_BREAKOUT,KRW-SOL,H1,2022-01-01 00:00:00,2025-12-31 00:00:00,1000000.00,0.050,0.050,true,,,,,,,,,,,,,,,,,2026-04-24 11:16:16
314,COMPOSITE_BREAKOUT,KRW-BTC,H1,2022-01-01 00:00:00,2026-04-24 00:00:00,10000000.00,0.100,0.050,false,,,FULL,106.7100,22.78,-8.8800,1.2356,5.0876,2.3109,8.4068,12.0169,79,18,61,9.9200,-1.1800,9,2026-04-24 11:16:14
313,COMPOSITE_MOMENTUM_ICHIMOKU_V2,KRW-BTC,H1,2022-01-01 00:00:00,2026-04-24 00:00:00,10000000.00,0.100,0.050,false,,,FULL,13.8000,12.17,-14.9200,0.3007,1.0270,0.2263,8.3647,0.9249,115,14,101,7.1100,-0.8500,20,2026-04-24 11:15:40
312,COMPOSITE_MOMENTUM_ICHIMOKU,KRW-ETH,H1,2022-01-01 00:00:00,2025-12-31 00:00:00,1000000.00,0.050,0.050,true,,,,,,,,,,,,,,,,,2026-04-24 11:15:34
311,COMPOSITE_MOMENTUM_ICHIMOKU,KRW-BTC,H1,2022-01-01 00:00:00,2026-04-24 00:00:00,10000000.00,0.100,0.050,false,,,FULL,5.6800,11.11,-11.9800,0.1716,0.5640,0.1194,8.6203,0.4741,99,11,88,6.8100,-0.7900,16,2026-04-24 11:15:18
310,COMPOSITE_MOMENTUM,KRW-ETH,H1,2022-01-01 00:00:00,2025-12-31 00:00:00,1000000.00,0.050,0.050,true,,,,,,,,,,,,,,,,,2026-04-24 11:15:03
309,COMPOSITE_BREAKOUT_ICHIMOKU,KRW-BTC,H1,2022-01-01 00:00:00,2026-04-24 00:00:00,10000000.00,0.100,0.050,false,,,FULL,106.7100,22.78,-8.8800,1.2356,5.0876,2.3109,8.4068,12.0169,79,18,61,9.9200,-1.1800,9,2026-04-24 11:14:53
308,COMPOSITE_MOMENTUM_ICHIMOKU_V2,KRW-ETH,H1,2022-01-01 00:00:00,2025-12-31 00:00:00,1000000.00,0.050,0.050,true,,,,,,,,,,,,,,,,,2026-04-24 11:14:32
307,COMPOSITE_BREAKOUT,KRW-BLUR,H1,2022-01-01 00:00:00,2026-04-24 00:00:00,10000000.00,0.100,0.050,false,,,FULL,-17.2300,13.79,-20.8400,-0.6842,-1.0646,-0.3982,3.8798,-0.8268,29,4,25,7.1000,-1.8300,12,2026-04-24 11:14:19
306,COMPOSITE_BREAKOUT,KRW-ETH,H1,2022-01-01 00:00:00,2025-12-31 00:00:00,1000000.00,0.050,0.050,true,,,,,,,,,,,,,,,,,2026-04-24 11:14:03
305,COMPOSITE_MOMENTUM_ICHIMOKU_V2,KRW-BLUR,H1,2022-01-01 00:00:00,2026-04-24 00:00:00,10000000.00,0.100,0.050,false,,,FULL,10.5200,15.00,-25.9300,0.2851,0.6445,0.1601,6.1618,0.4057,80,12,68,10.6600,-1.7300,18,2026-04-24 11:13:59
304,COMPOSITE_MOMENTUM_ICHIMOKU,KRW-BLUR,H1,2022-01-01 00:00:00,2026-04-24 00:00:00,10000000.00,0.100,0.050,false,,,FULL,23.2400,17.86,-23.1000,0.5055,1.2655,0.3841,5.8289,1.0061,56,10,46,10.9000,-1.8700,14,2026-04-24 11:13:48
303,COMPOSITE_BREAKOUT_ICHIMOKU,KRW-BLUR,H1,2022-01-01 00:00:00,2026-04-24 00:00:00,10000000.00,0.100,0.050,false,,,FULL,-17.2300,13.79,-20.8400,-0.6842,-1.0646,-0.3982,3.8798,-0.8268,29,4,25,7.1000,-1.8300,12,2026-04-24 11:13:36
302,COMPOSITE_MOMENTUM_ICHIMOKU,KRW-BTC,H1,2022-01-01 00:00:00,2025-12-31 00:00:00,1000000.00,0.050,0.050,true,,,,,,,,,,,,,,,,,2026-04-24 11:13:19
301,COMPOSITE_BREAKOUT,KRW-BIO,H1,2022-01-01 00:00:00,2026-04-24 00:00:00,10000000.00,0.100,0.050,false,,,FULL,-7.2600,33.33,-14.6400,-1.5749,-2.0098,-4.2742,1.0868,-0.4959,3,1,2,8.6400,-7.9500,2,2026-04-24 11:13:17
300,COMPOSITE_MOMENTUM_ICHIMOKU_V2,KRW-BIO,H1,2022-01-01 00:00:00,2026-04-24 00:00:00,10000000.00,0.100,0.050,false,,,FULL,-6.6800,0.00,-6.6800,-8.6885,-8.1369,-12.4986,0.0000,-1.0000,3,0,3,0.0000,-2.2300,3,2026-04-24 11:13:16
299,COMPOSITE_MOMENTUM_ICHIMOKU,KRW-BIO,H1,2022-01-01 00:00:00,2026-04-24 00:00:00,10000000.00,0.100,0.050,false,,,FULL,10.1600,20.00,-6.6800,1.9169,8.8899,30.1728,9.5934,1.5210,5,1,4,17.4600,-1.8200,3,2026-04-24 11:13:15
298,COMPOSITE_BREAKOUT_ICHIMOKU,KRW-BIO,H1,2022-01-01 00:00:00,2026-04-24 00:00:00,10000000.00,0.100,0.050,false,,,FULL,-7.2600,33.33,-14.6400,-1.5749,-2.0098,-4.2742,1.0868,-0.4959,3,1,2,8.6400,-7.9500,2,2026-04-24 11:13:14
297,COMPOSITE_BREAKOUT,KRW-AXL,H1,2022-01-01 00:00:00,2026-04-24 00:00:00,10000000.00,0.100,0.050,false,,,FULL,-19.6600,10.00,-20.8700,-2.9339,-3.3832,-2.0615,2.9414,-0.9420,10,1,9,9.5300,-3.2400,7,2026-04-24 11:13:13
296,COMPOSITE_MOMENTUM_ICHIMOKU_V2,KRW-AXL,H1,2022-01-01 00:00:00,2026-04-24 00:00:00,10000000.00,0.100,0.050,false,,,FULL,-6.2200,9.09,-21.5000,-0.3076,-0.7403,-0.6525,7.5720,-0.2893,11,1,10,19.4600,-2.5700,10,2026-04-24 11:13:08
295,COMPOSITE_MOMENTUM_ICHIMOKU,KRW-AXL,H1,2022-01-01 00:00:00,2026-04-24 00:00:00,10000000.00,0.100,0.050,false,,,FULL,-20.0800,0.00,-20.0800,-3.9469,-3.8773,-2.0731,0.0000,-1.0000,9,0,9,0.0000,-2.2300,9,2026-04-24 11:13:06
294,COMPOSITE_BREAKOUT_ICHIMOKU,KRW-AXL,H1,2022-01-01 00:00:00,2026-04-24 00:00:00,10000000.00,0.100,0.050,false,,,FULL,-19.6600,10.00,-20.8700,-2.9339,-3.3832,-2.0615,2.9414,-0.9420,10,1,9,9.5300,-3.2400,7,2026-04-24 11:13:04
293,COMPOSITE_BREAKOUT,KRW-ADA,H1,2022-01-01 00:00:00,2026-04-24 00:00:00,10000000.00,0.100,0.050,false,,,FULL,86.9800,23.91,-14.1400,0.9601,4.4687,1.2751,8.5203,6.1513,46,11,35,12.6100,-1.4800,11,2026-04-24 11:12:59
292,COMPOSITE_MOMENTUM,KRW-BTC,H1,2022-01-01 00:00:00,2025-12-31 00:00:00,1000000.00,0.050,0.050,true,,,,,,,,,,,,,,,,,2026-04-24 11:12:50
291,COMPOSITE_MOMENTUM_ICHIMOKU_V2,KRW-ADA,H1,2022-01-01 00:00:00,2026-04-24 00:00:00,10000000.00,0.100,0.050,false,,,FULL,12.5200,11.81,-23.2100,0.2543,0.7059,0.1305,8.1583,0.5394,127,15,112,9.7900,-1.2000,26,2026-04-24 11:12:27
290,COMPOSITE_MOMENTUM_ICHIMOKU_V2,KRW-BTC,H1,2022-01-01 00:00:00,2025-12-31 00:00:00,1000000.00,0.050,0.050,true,,,,,,,,,,,,,,,,,2026-04-24 11:12:21
289,COMPOSITE_MOMENTUM_ICHIMOKU,KRW-ADA,H1,2022-01-01 00:00:00,2026-04-24 00:00:00,10000000.00,0.100,0.050,false,,,FULL,5.8900,12.04,-23.9100,0.1670,0.4407,0.0610,7.7345,0.2463,108,13,95,8.7400,-1.1300,26,2026-04-24 11:12:09
288,COMPOSITE_BREAKOUT,KRW-BTC,H1,2022-01-01 00:00:00,2025-12-31 00:00:00,1000000.00,0.050,0.050,true,,,,,,,,,,,,,,,,,2026-04-24 11:11:55
287,COMPOSITE_BREAKOUT_ICHIMOKU,KRW-ADA,H1,2022-01-01 00:00:00,2026-04-24 00:00:00,10000000.00,0.100,0.050,false,,,FULL,86.9800,23.91,-14.1400,0.9601,4.4687,1.2751,8.5203,6.1513,46,11,35,12.6100,-1.4800,11,2026-04-24 11:11:50
286,COMPOSITE_BREAKOUT,KRW-AAVE,H1,2022-01-01 00:00:00,2026-04-24 00:00:00,10000000.00,0.100,0.050,false,,,FULL,-24.5200,16.36,-37.4200,-0.3820,-0.5798,-0.1956,3.5486,-0.6553,55,9,46,6.2100,-1.7500,21,2026-04-24 11:11:18
285,COMPOSITE_MOMENTUM_ICHIMOKU_V2,KRW-AAVE,H1,2022-01-01 00:00:00,2026-04-24 00:00:00,10000000.00,0.100,0.050,false,,,FULL,-40.7100,7.95,-45.0700,-0.6058,-1.3155,-0.2786,7.9574,-0.9033,151,12,139,7.4800,-0.9400,29,2026-04-24 11:10:44
284,COMPOSITE_MOMENTUM_ICHIMOKU,KRW-AAVE,H1,2022-01-01 00:00:00,2026-04-24 00:00:00,10000000.00,0.100,0.050,false,,,FULL,-48.9000,6.72,-51.7600,-0.9372,-1.8548,-0.3058,7.2771,-0.9447,134,9,125,6.0400,-0.8300,31,2026-04-24 11:10:25
283,COMPOSITE_BREAKOUT_ICHIMOKU,KRW-AAVE,H1,2022-01-01 00:00:00,2026-04-24 00:00:00,10000000.00,0.100,0.050,false,,,FULL,-21.2500,16.67,-35.7500,-0.3162,-0.4856,-0.1748,3.6610,-0.5944,54,9,45,6.4800,-1.7700,21,2026-04-24 11:10:05
282,COMPOSITE_BREAKOUT,KRW-BTC,H1,2025-01-01 00:00:00,2025-03-31 00:00:00,1000000.00,0.050,0.050,false,,,FULL,7.4600,50.00,-0.3800,2.6458,54.7001,208.6848,20.6579,19.6316,2,1,1,7.8500,-0.3800,1,2026-04-22 14:00:47
281,COMPOSITE_BREAKOUT,KRW-BTC,H1,2025-01-01 00:00:00,2025-03-31 00:00:00,1000000.00,0.050,0.050,true,,,,,,,,,,,,,,,,,2026-04-22 14:00:42
280,COMPOSITE,KRW-BTC,H1,2022-01-01 00:00:00,2025-12-31 00:00:00,10000000.00,0.100,0.050,false,,,FULL,4.8700,12.50,-8.1200,0.2476,0.8928,0.1855,9.7191,0.5998,16,2,14,8.6500,-0.8900,10,2026-04-21 16:01:33
279,COMPOSITE_MOMENTUM_ICHIMOKU,KRW-BTC,H1,2022-01-01 00:00:00,2025-12-31 00:00:00,10000000.00,0.100,0.050,false,,,FULL,7.4500,11.38,-16.1900,0.1925,0.6181,0.1150,8.2949,0.4602,167,19,148,6.4700,-0.7800,25,2026-04-21 15:03:52
278,COMPOSITE_BREAKOUT,KRW-BTC,H1,2022-01-01 00:00:00,2025-12-31 00:00:00,10000000.00,0.100,0.050,false,,,FULL,103.6600,22.22,-9.7200,1.2112,4.9423,2.0639,8.4569,10.6646,81,18,63,9.8100,-1.1600,9,2026-04-21 14:37:08
276,COMPOSITE_BREAKOUT,KRW-BTC,H1,2025-01-01 00:00:00,2025-03-31 00:00:00,1000000.00,0.050,0.050,true,,,,,,,,,,,,,,,,,2026-04-21 14:00:55
268,COMPOSITE_BREAKOUT,KRW-BTC,H1,2025-01-01 00:00:00,2025-03-31 00:00:00,1000000.00,0.050,0.050,true,,,,,,,,,,,,,,,,,2026-04-14 13:52:27
267,COMPOSITE_BREAKOUT,KRW-BTC,H1,2023-01-01 00:00:00,2025-12-31 00:00:00,1000000.00,0.050,0.050,true,,,,,,,,,,,,,,,,,2026-04-14 09:01:17
266,COMPOSITE_MOMENTUM_ICHIMOKU,KRW-DOGE,H1,2023-01-01 00:00:00,2025-12-31 00:00:00,1000000.00,0.050,0.050,true,,,,,,,,,,,,,,,,,2026-04-14 08:59:42
265,COMPOSITE_MOMENTUM_ICHIMOKU_V2,KRW-DOGE,H1,2023-01-01 00:00:00,2025-12-31 00:00:00,1000000.00,0.050,0.050,true,,,,,,,,,,,,,,,,,2026-04-14 08:59:38
264,COMPOSITE_MOMENTUM_ICHIMOKU_V2,KRW-XRP,H1,2023-01-01 00:00:00,2025-12-31 00:00:00,1000000.00,0.050,0.050,true,,,,,,,,,,,,,,,,,2026-04-14 08:59:36
263,COMPOSITE_BREAKOUT,KRW-ETH,H1,2023-01-01 00:00:00,2025-12-31 00:00:00,1000000.00,0.050,0.050,true,,,,,,,,,,,,,,,,,2026-04-14 08:58:41
262,COMPOSITE_MOMENTUM,KRW-ETH,H1,2023-01-01 00:00:00,2025-12-31 00:00:00,1000000.00,0.050,0.050,true,,,,,,,,,,,,,,,,,2026-04-14 08:58:13
261,COMPOSITE_MOMENTUM,KRW-BTC,H1,2023-01-01 00:00:00,2025-12-31 00:00:00,1000000.00,0.050,0.050,true,,,,,,,,,,,,,,,,,2026-04-14 08:58:04
260,COMPOSITE_MOMENTUM_ICHIMOKU,KRW-XRP,H1,2023-01-01 00:00:00,2025-12-31 00:00:00,1000000.00,0.050,0.050,true,,,,,,,,,,,,,,,,,2026-04-14 08:57:53
259,COMPOSITE_BREAKOUT,KRW-BTC,H1,2023-01-01 00:00:00,2025-12-31 00:00:00,1000000.00,0.050,0.050,true,,,,,,,,,,,,,,,,,2026-04-14 08:56:28
258,COMPOSITE_BREAKOUT,KRW-BTC,H1,2023-01-01 00:00:00,2025-12-31 00:00:00,1000000.00,0.050,0.050,true,,,,,,,,,,,,,,,,,2026-04-14 08:55:03
257,COMPOSITE_BREAKOUT,KRW-BTC,H1,2023-01-01 00:00:00,2025-12-31 00:00:00,1000000.00,0.050,0.050,true,,,,,,,,,,,,,,,,,2026-04-14 08:53:37
256,COMPOSITE_BREAKOUT,KRW-BTC,H1,2023-01-01 00:00:00,2025-12-31 00:00:00,1000000.00,0.050,0.050,true,,,,,,,,,,,,,,,,,2026-04-14 08:52:04
255,COMPOSITE_MOMENTUM_ICHIMOKU_V2,KRW-SOL,H1,2023-01-01 00:00:00,2025-12-31 00:00:00,10000000.00,0.100,0.050,true,,,,,,,,,,,,,,,,,2026-04-14 08:38:19
254,COMPOSITE_BREAKOUT,KRW-SOL,H1,2023-01-01 00:00:00,2025-12-31 00:00:00,10000000.00,0.100,0.050,true,,,,,,,,,,,,,,,,,2026-04-14 08:32:27
233,MACD_STOCH_BB,KRW-SOL,H1,2023-01-01 00:00:00,2025-12-31 00:00:00,10000000.00,0.100,0.050,true,,,,,,,,,,,,,,,,,2026-04-13 16:14:14
232,MACD_STOCH_BB,KRW-XRP,H1,2023-01-01 00:00:00,2026-04-13 00:00:00,10000000.00,0.100,0.050,true,,,,,,,,,,,,,,,,,2026-04-13 16:02:41
231,MACD_STOCH_BB,KRW-BTC,H1,2023-01-01 00:00:00,2026-04-13 00:00:00,10000000.00,0.100,0.050,true,,,,,,,,,,,,,,,,,2026-04-13 15:55:40
221,MACD_STOCH_BB,KRW-BTC,H1,2023-01-01 00:00:00,2026-04-13 00:00:00,10000000.00,0.100,0.050,true,,,,,,,,,,,,,,,,,2026-04-13 13:51:31
219,COMPOSITE_MOMENTUM_ICHIMOKU,KRW-XRP,H1,2023-01-01 00:00:00,2026-04-13 00:00:00,10000000.00,0.100,0.050,true,,,,,,,,,,,,,,,,,2026-04-13 11:19:06
218,COMPOSITE_MOMENTUM_ICHIMOKU_V2,KRW-XRP,H1,2023-01-01 00:00:00,2026-04-13 00:00:00,10000000.00,0.100,0.050,true,,,,,,,,,,,,,,,,,2026-04-13 11:16:23
217,COMPOSITE_MOMENTUM_ICHIMOKU,KRW-ETH,H1,2023-01-01 00:00:00,2026-04-13 00:00:00,10000000.00,0.100,0.050,true,,,,,,,,,,,,,,,,,2026-04-13 11:08:06
215,COMPOSITE_MOMENTUM_ICHIMOKU_V2,KRW-ETH,H1,2023-01-01 00:00:00,2026-04-13 00:00:00,10000000.00,0.100,0.050,true,,,,,,,,,,,,,,,,,2026-04-13 11:03:30
211,COMPOSITE_BREAKOUT,KRW-SOL,H1,2023-01-01 00:00:00,2026-04-12 00:00:00,10000000.00,0.100,0.050,true,,,,,,,,,,,,,,,,,2026-04-13 08:46:12
210,COMPOSITE_BREAKOUT,KRW-BTC,H1,2023-01-01 00:00:00,2026-04-12 00:00:00,10000000.00,0.100,0.050,true,,,,,,,,,,,,,,,,,2026-04-13 08:43:07
196,COMPOSITE_MOMENTUM_ICHIMOKU,KRW-ETH,H1,2023-01-01 00:00:00,2025-12-31 00:00:00,10000000.00,0.100,0.050,true,,,,,,,,,,,,,,,,,2026-04-11 08:34:36
195,COMPOSITE_MOMENTUM_ICHIMOKU,KRW-BTC,H1,2023-01-01 00:00:00,2025-12-31 00:00:00,10000000.00,0.100,0.050,true,,,,,,,,,,,,,,,,,2026-04-11 08:31:39
